{"stats":{"minecraft:picked_up":{"minecraft:repeater":4,"minecraft:leather":1,"minecraft:lead":4,"minecraft:redstone":50,"minecraft:redstone_torch":12,"minecraft:rabbit":1,"minecraft:piston":1},"minecraft:dropped":{"minecraft:rabbit":1,"minecraft:lead":2,"minecraft:leather":1},"minecraft:killed":{"minecraft:trader_llama":4,"minecraft:rabbit":7,"minecraft:wandering_trader":2},"minecraft:used":{"minecraft:redstone_torch":42,"minecraft:sticky_piston":51,"minecraft:piston":29,"minecraft:lever":2,"minecraft:netherite_sword":19,"minecraft:polished_deepslate":127,"minecraft:yellow_stained_glass":24,"minecraft:command_block":203,"minecraft:red_wool":117,"minecraft:grass_block":446,"minecraft:iron_block":3,"minecraft:red_stained_glass":23,"minecraft:redstone":253,"minecraft:slime_block":29,"minecraft:lime_wool":143,"minecraft:oak_sign":23,"minecraft:sandstone":195,"minecraft:stone":60,"minecraft:redstone_block":81,"minecraft:smooth_quartz":39,"minecraft:beacon":1,"minecraft:yellow_wool":136,"minecraft:coal_block":129,"minecraft:repeater":245,"minecraft:dirt":12,"minecraft:diamond_sword":7,"minecraft:redstone_lamp":57,"minecraft:comparator":6,"minecraft:jungle_button":4,"minecraft:lime_stained_glass":24,"minecraft:birch_sign":13,"minecraft:orange_wool":44,"minecraft:gold_block":9,"minecraft:smooth_stone_slab":94,"minecraft:observer":8,"minecraft:smooth_stone":17,"minecraft:oak_chest_boat":1},"minecraft:custom":{"minecraft:time_since_rest":361186,"minecraft:sprint_one_cm":14923,"minecraft:walk_one_cm":97221,"minecraft:mob_kills":13,"minecraft:drop":4,"minecraft:damage_dealt":1460,"minecraft:fly_one_cm":2196567,"minecraft:crouch_one_cm":9531,"minecraft:play_time":361186,"minecraft:sneak_time":12602,"minecraft:boat_one_cm":3627,"minecraft:jump":313,"minecraft:leave_game":5,"minecraft:time_since_death":361186,"minecraft:total_world_time":406168}},"DataVersion":3120}